Installment Range,Order Count,Percentage
1 (No Installment),48268,48.53933488199033
2-3,22792,22.920123490310836
4-6,16205,16.296095172011544
7-12,11988,12.055389628020635
>12,185,0.18603996339538018
